Student_ID,Batch,Dept,GPA_S1,GPA_S2,GPA_S3,GPA_S4,GPA_S5,GPA_S6,GPA_S7,GPA_S8
23BSCS001,23,BSCS,3.94,3.88,4.00,4.00,3.92,4.00,,
23BSCS002,23,BSCS,3.22,3.62,3.97,3.91,3.84,3.72,,
23BSCS003,23,BSCS,3.63,3.88,3.89,3.97,4.00,3.91,,
23CS001,23,CS,3.81,3.72,3.90,3.85,3.66,3.78,,
23CS002,23,CS,3.45,3.52,3.58,3.61,3.48,3.50,,
23CS003,23,CS,2.81,3.12,3.20,3.05,2.98,3.10,,
22BBA001,22,BBA,3.55,3.58,3.33,3.33,3.66,3.42,3.50,
22BBA002,22,BBA,3.11,3.00,3.08,3.58,3.59,3.67,3.50,
22BBA003,22,BBA,2.61,,2.17,2.75,3.00,3.17,,
24SW001,24,SW,3.75,3.85,,,,,,
24SW002,24,SW,3.21,3.42,,,,,,
24SW003,24,SW,2.90,2.88,,,,,,
24CS001,24,CS,3.59,3.03,3.25,,,,
24CS002,24,CS,3.82,3.87,3.64,,,,
24CS003,24,CS,3.12,3.23,3.56,,,,
